feature,importance
movements,0.3407462989877853
acps_rmean_6h,0.057412157892193026
acps_rmean_3h,0.033401909666111895
hour_cos,0.0007146183107739956
arr_dep_imbalance,0.0006783591271810052
acps_lag_1h,0.0003757068956388498
arrivals,0.00023425036014368406
movements_rmean_3h,0.0
movements_lag_1h,0.0
movements_rmean_6h,0.0
hour_cal,0.0
hour,0.0
