Model,MAE,RMSE,R2,Accuracy,F1_macro,Balanced_Accuracy
HGB Regressor,0.4540938124987125,0.6917448740558915,0.9613002941794135,,,
HGB Classifier,,,,0.9016064257028112,0.9028076506676289,0.9160226385636222
