Model,MAE,RMSE,R2
HGB Regressor,0.4540938124987125,0.6917448740558915,0.9613002941794135
ANN (MLP 64-64),1.8372486855751067,2.6873432150072953,0.41593385074945544
Baseline: Previous Day,2.2242574034180373,3.104227422014266,0.22066743034171865
Baseline: Day-of-Week Avg,2.6100382685726866,3.30034896819535,0.11908198637851997
"SARIMAX(1,0,1)(1,0,1,7)",3.3358209013278795,3.8749386296491006,-0.20965587098709548
